"scenario_id","model","prompt_type","dataset","fmt_ok","fmt_error","init_ok","init_error","validate_ok","validate_error_count","validate_warning_count","validate_error"
"paraphrased_0000","gemini-3-flash","cot","llm_iac_paraphrased","False","","True","","True","0","0",""
"paraphrased_0003","gemini-3-flash","cot","llm_iac_paraphrased","True","","True","","True","0","0",""
"paraphrased_0001","gemini-3-flash","cot","llm_iac_paraphrased","True","","True","","True","0","0",""
"paraphrased_0002","gemini-3-flash","cot","llm_iac_paraphrased","False","","True","","True","0","0",""
"paraphrased_0007","gemini-3-flash","cot","llm_iac_paraphrased","True","","True","","True","0","0",""
"paraphrased_0004","gemini-3-flash","cot","llm_iac_paraphrased","False","","True","","False","2","0","Invalid function argument | Invalid function argument"
"paraphrased_0005","gemini-3-flash","cot","llm_iac_paraphrased","True","","True","","False","1","0","decoding ""admin_ssh_key.0.public_key"" for public key data"
"paraphrased_0006","gemini-3-flash","cot","llm_iac_paraphrased","False","","True","","True","0","0",""
"paraphrased_0008","gemini-3-flash","cot","llm_iac_paraphrased","False","","True","","True","0","0",""
"paraphrased_0009","gemini-3-flash","cot","llm_iac_paraphrased","False","","True","","True","0","0",""
"paraphrased_0010","gemini-3-flash","cot","llm_iac_paraphrased","False","","True","","True","0","0",""
"paraphrased_0011","gemini-3-flash","cot","llm_iac_paraphrased","False","","True","","True","0","0",""
"paraphrased_0014","gemini-3-flash","cot","llm_iac_paraphrased","False","Error: Invalid multi-line string    on main.tf line 52, in variable ""user_data_script"":   52:   default     = ""#!/bin/bash   53: echo 'Hello World' > /tmp/hello.txt""  Quoted strings may not be split over multiple lines. To produce a multi-line string, either use the \n escape to represent a newline ","False","Error: Terraform encountered problems during initialisation, including problems with the configuration, described below.  The Terraform configuration must be valid before initialization so that Terraform can determine which modules and providers need to be installed.   Error: Invalid multi-line string    on main.tf line 52, in variable ""user_data_script"":   52:   default     = ""#!/bin/bash   53: e","False","1","0","init prerequisite failed: Error: Terraform encountered problems during initialisation, including problems with the configuration, described below.  The Terraform configuration must be valid before initialization so that Terraform can determine which modules and providers need to be installed.   Error: Invalid multi-line string    on main.tf line 52, in variable ""user_data_script"":   52:   default "
"paraphrased_0012","gemini-3-flash","cot","llm_iac_paraphrased","True","","True","","True","0","0",""
"paraphrased_0013","gemini-3-flash","cot","llm_iac_paraphrased","True","","True","","True","0","0",""
"paraphrased_0015","gemini-3-flash","cot","llm_iac_paraphrased","False","","True","","False","1","0","Unsupported argument"
"paraphrased_0019","gemini-3-flash","cot","llm_iac_paraphrased","True","","False","Error: Terraform encountered problems during initialisation, including problems with the configuration, described below.  The Terraform configuration must be valid before initialization so that Terraform can determine which modules and providers need to be installed.   Error: Module not installed    on main.tf line 33:   33: module ""iam_dev"" {  This module is not yet installed. Run ""terraform init","False","1","0","init prerequisite failed: Error: Terraform encountered problems during initialisation, including problems with the configuration, described below.  The Terraform configuration must be valid before initialization so that Terraform can determine which modules and providers need to be installed.   Error: Module not installed    on main.tf line 33:   33: module ""iam_dev"" {  This module is not yet inst"
"paraphrased_0016","gemini-3-flash","cot","llm_iac_paraphrased","True","","True","","True","0","0",""
"paraphrased_0017","gemini-3-flash","cot","llm_iac_paraphrased","True","","True","","True","0","0",""
"paraphrased_0018","gemini-3-flash","cot","llm_iac_paraphrased","False","","True","","False","5","0","Missing required argument | Unsupported argument | Unsupported argument | Missing required argument | Insufficient feed_output_config blocks"
"paraphrased_0020","gemini-3-flash","cot","llm_iac_paraphrased","True","","True","","True","0","0",""
"paraphrased_0021","gemini-3-flash","cot","llm_iac_paraphrased","False","","True","","True","0","0",""
"paraphrased_0022","gemini-3-flash","cot","llm_iac_paraphrased","True","","True","","True","0","0",""
"paraphrased_0023","gemini-3-flash","cot","llm_iac_paraphrased","True","","True","","True","0","0",""
"paraphrased_0024","gemini-3-flash","cot","llm_iac_paraphrased","True","","True","","True","0","0",""
"paraphrased_0025","gemini-3-flash","cot","llm_iac_paraphrased","False","","True","","True","0","6",""
"paraphrased_0026","gemini-3-flash","cot","llm_iac_paraphrased","False","","True","","False","1","0","Unsupported argument"
"paraphrased_0030","gemini-3-flash","cot","llm_iac_paraphrased","False","","True","","True","0","0",""
"paraphrased_0027","gemini-3-flash","cot","llm_iac_paraphrased","True","","True","","True","0","0",""
"paraphrased_0028","gemini-3-flash","cot","llm_iac_paraphrased","False","","True","","True","0","0",""
"paraphrased_0029","gemini-3-flash","cot","llm_iac_paraphrased","True","","True","","False","1","0","Unsupported argument"
"paraphrased_0034","gemini-3-flash","cot","llm_iac_paraphrased","True","","False","Error: Terraform encountered problems during initialisation, including problems with the configuration, described below.  The Terraform configuration must be valid before initialization so that Terraform can determine which modules and providers need to be installed.   Error: Module not installed    on main.tf line 8:    8: module ""vpc"" {  This module is not yet installed. Run ""terraform init"" to ","False","1","0","init prerequisite failed: Error: Terraform encountered problems during initialisation, including problems with the configuration, described below.  The Terraform configuration must be valid before initialization so that Terraform can determine which modules and providers need to be installed.   Error: Module not installed    on main.tf line 8:    8: module ""vpc"" {  This module is not yet installed"
"paraphrased_0031","gemini-3-flash","cot","llm_iac_paraphrased","True","","True","","True","0","0",""
"paraphrased_0032","gemini-3-flash","cot","llm_iac_paraphrased","False","","True","","True","0","0",""
"paraphrased_0033","gemini-3-flash","cot","llm_iac_paraphrased","True","","True","","False","1","0","Missing required argument"
"paraphrased_0035","gemini-3-flash","cot","llm_iac_paraphrased","False","","True","","True","0","0",""
"paraphrased_0036","gemini-3-flash","cot","llm_iac_paraphrased","False","","True","","True","0","0",""
"paraphrased_0037","gemini-3-flash","cot","llm_iac_paraphrased","False","","True","","True","0","0",""
"paraphrased_0038","gemini-3-flash","cot","llm_iac_paraphrased","False","","True","","True","0","2",""
"paraphrased_0039","gemini-3-flash","cot","llm_iac_paraphrased","False","","True","","True","0","0",""
"paraphrased_0040","gemini-3-flash","cot","llm_iac_paraphrased","False","","True","","True","0","0",""
"paraphrased_0041","gemini-3-flash","cot","llm_iac_paraphrased","True","","True","","True","0","0",""
"paraphrased_0042","gemini-3-flash","cot","llm_iac_paraphrased","False","","True","","True","0","0",""
"paraphrased_0043","gemini-3-flash","cot","llm_iac_paraphrased","True","","True","","True","0","0",""
"paraphrased_0044","gemini-3-flash","cot","llm_iac_paraphrased","True","","True","","True","0","0",""
"paraphrased_0045","gemini-3-flash","cot","llm_iac_paraphrased","False","","True","","True","0","0",""
"paraphrased_0046","gemini-3-flash","cot","llm_iac_paraphrased","False","","True","","True","0","0",""
"paraphrased_0047","gemini-3-flash","cot","llm_iac_paraphrased","True","","True","","True","0","0",""
"paraphrased_0051","gemini-3-flash","cot","llm_iac_paraphrased","True","","True","","True","0","0",""
"paraphrased_0048","gemini-3-flash","cot","llm_iac_paraphrased","False","","True","","False","1","0","Invalid reference"
"paraphrased_0049","gemini-3-flash","cot","llm_iac_paraphrased","False","","True","","True","0","0",""
"paraphrased_0050","gemini-3-flash","cot","llm_iac_paraphrased","True","","True","","True","0","0",""
"paraphrased_0052","gemini-3-flash","cot","llm_iac_paraphrased","False","","True","","True","0","0",""
"paraphrased_0053","gemini-3-flash","cot","llm_iac_paraphrased","True","","True","","True","0","0",""
"paraphrased_0054","gemini-3-flash","cot","llm_iac_paraphrased","True","","True","","True","0","0",""
"paraphrased_0055","gemini-3-flash","cot","llm_iac_paraphrased","True","","True","","False","1","0","Reference to undeclared resource"
"paraphrased_0056","gemini-3-flash","cot","llm_iac_paraphrased","False","","True","","True","0","0",""
"paraphrased_0057","gemini-3-flash","cot","llm_iac_paraphrased","False","","False","Error: Failed to query available provider packages  Could not retrieve the list of available versions for provider foobar/beep: provider registry registry.terraform.io does not have a provider named registry.terraform.io/foobar/beep  All modules should specify their required_providers so that external consumers will get the correct providers when using a module. To see which modules are currently ","False","0","0",""
"paraphrased_0061","gemini-3-flash","cot","llm_iac_paraphrased","True","","True","","True","0","0",""
"paraphrased_0058","gemini-3-flash","cot","llm_iac_paraphrased","True","","True","","True","0","0",""
"paraphrased_0059","gemini-3-flash","cot","llm_iac_paraphrased","True","","True","","True","0","0",""
"paraphrased_0060","gemini-3-flash","cot","llm_iac_paraphrased","False","","True","","True","0","0",""
"paraphrased_0062","gemini-3-flash","cot","llm_iac_paraphrased","True","","True","","True","0","0",""
"paraphrased_0063","gemini-3-flash","cot","llm_iac_paraphrased","False","","True","","True","0","0",""
"paraphrased_0064","gemini-3-flash","cot","llm_iac_paraphrased","False","","True","","True","0","0",""
"paraphrased_0065","gemini-3-flash","cot","llm_iac_paraphrased","False","","True","","False","1","0","Invalid function argument"
"paraphrased_0069","gemini-3-flash","cot","llm_iac_paraphrased","False","","True","","True","0","0",""
"paraphrased_0070","gemini-3-flash","cot","llm_iac_paraphrased","False","","True","","False","1","0","expected retry_conditions.2 to be one of [""CONNECT_FAILURE"" ""HTTP_5XX"" ""GATEWAY_ERROR"" ""RETRIABLE_4XX"" ""NOT_FOUND"" ""FORBIDDEN""], got RETRANSMIT_TIMEOUT"
"paraphrased_0066","gemini-3-flash","cot","llm_iac_paraphrased","False","","True","","True","0","0",""
"paraphrased_0067","gemini-3-flash","cot","llm_iac_paraphrased","True","","True","","True","0","0",""
"paraphrased_0068","gemini-3-flash","cot","llm_iac_paraphrased","True","","True","","False","1","2","expected ancestor to be one of [""NONE"" ""ALL_ANCESTORS"" """"], got false"
"paraphrased_0071","gemini-3-flash","cot","llm_iac_paraphrased","False","","True","","True","0","0",""
"paraphrased_0072","gemini-3-flash","cot","llm_iac_paraphrased","True","","True","","True","0","0",""
"paraphrased_0073","gemini-3-flash","cot","llm_iac_paraphrased","False","","True","","True","0","0",""
"paraphrased_0074","gemini-3-flash","cot","llm_iac_paraphrased","False","","True","","True","0","0",""
"paraphrased_0075","gemini-3-flash","cot","llm_iac_paraphrased","True","","True","","True","0","0",""
"paraphrased_0076","gemini-3-flash","cot","llm_iac_paraphrased","False","","True","","False","1","0","Unsupported block type"
"paraphrased_0079","gemini-3-flash","cot","llm_iac_paraphrased","False","","True","","False","1","0","Reference to undeclared resource"
"paraphrased_0080","gemini-3-flash","cot","llm_iac_paraphrased","False","","True","","True","0","0",""
"paraphrased_0077","gemini-3-flash","cot","llm_iac_paraphrased","False","","True","","True","0","0",""
"paraphrased_0078","gemini-3-flash","cot","llm_iac_paraphrased","False","","True","","False","2","0","Invalid function argument | Invalid function argument"
"paraphrased_0081","gemini-3-flash","cot","llm_iac_paraphrased","False","","True","","True","0","0",""
"paraphrased_0082","gemini-3-flash","cot","llm_iac_paraphrased","False","","True","","False","2","0","Reference to undeclared resource | Reference to undeclared resource"
"paraphrased_0083","gemini-3-flash","cot","llm_iac_paraphrased","False","","True","","True","0","0",""
"paraphrased_0084","gemini-3-flash","cot","llm_iac_paraphrased","False","","True","","True","0","0",""
"paraphrased_0085","gemini-3-flash","cot","llm_iac_paraphrased","False","","True","","True","0","0",""
"paraphrased_0086","gemini-3-flash","cot","llm_iac_paraphrased","True","","True","","False","1","0","Invalid function argument"
"paraphrased_0089","gemini-3-flash","cot","llm_iac_paraphrased","True","","True","","True","0","0",""
"paraphrased_0090","gemini-3-flash","cot","llm_iac_paraphrased","True","","True","","True","0","0",""
"paraphrased_0087","gemini-3-flash","cot","llm_iac_paraphrased","False","","True","","True","0","1",""
"paraphrased_0088","gemini-3-flash","cot","llm_iac_paraphrased","False","","True","","False","1","0","Invalid function argument"
"paraphrased_0092","gemini-3-flash","cot","llm_iac_paraphrased","False","","True","","True","0","0",""
"paraphrased_0091","gemini-3-flash","cot","llm_iac_paraphrased","False","","True","","True","0","0",""
"paraphrased_0093","gemini-3-flash","cot","llm_iac_paraphrased","False","","True","","True","0","0",""
"paraphrased_0094","gemini-3-flash","cot","llm_iac_paraphrased","False","","True","","True","0","0",""
"paraphrased_0095","gemini-3-flash","cot","llm_iac_paraphrased","False","","True","","True","0","0",""
"paraphrased_0096","gemini-3-flash","cot","llm_iac_paraphrased","True","","True","","True","0","0",""
"paraphrased_0097","gemini-3-flash","cot","llm_iac_paraphrased","True","","True","","True","0","0",""
"paraphrased_0098","gemini-3-flash","cot","llm_iac_paraphrased","False","","True","","True","0","0",""
"paraphrased_0099","gemini-3-flash","cot","llm_iac_paraphrased","False","","True","","True","0","0",""
"paraphrased_0100","gemini-3-flash","cot","llm_iac_paraphrased","False","","True","","True","0","0",""
"paraphrased_0101","gemini-3-flash","cot","llm_iac_paraphrased","True","","True","","True","0","0",""
"paraphrased_0102","gemini-3-flash","cot","llm_iac_paraphrased","False","","True","","True","0","0",""
"paraphrased_0104","gemini-3-flash","cot","llm_iac_paraphrased","True","","True","","True","0","0",""
"paraphrased_0103","gemini-3-flash","cot","llm_iac_paraphrased","True","","True","","False","2","0","Invalid function argument | Invalid function argument"
"paraphrased_0105","gemini-3-flash","cot","llm_iac_paraphrased","False","","True","","True","0","0",""
"paraphrased_0106","gemini-3-flash","cot","llm_iac_paraphrased","True","","True","","True","0","0",""
"paraphrased_0107","gemini-3-flash","cot","llm_iac_paraphrased","True","","True","","True","0","0",""
"paraphrased_0108","gemini-3-flash","cot","llm_iac_paraphrased","False","","True","","True","0","0",""
"paraphrased_0109","gemini-3-flash","cot","llm_iac_paraphrased","True","","True","","True","0","0",""
"paraphrased_0110","gemini-3-flash","cot","llm_iac_paraphrased","False","","True","","True","0","0",""
"paraphrased_0111","gemini-3-flash","cot","llm_iac_paraphrased","False","","True","","True","0","0",""
"paraphrased_0112","gemini-3-flash","cot","llm_iac_paraphrased","False","","True","","True","0","0",""
"paraphrased_0113","gemini-3-flash","cot","llm_iac_paraphrased","False","","True","","True","0","0",""
"paraphrased_0114","gemini-3-flash","cot","llm_iac_paraphrased","True","","True","","True","0","0",""
"paraphrased_0117","gemini-3-flash","cot","llm_iac_paraphrased","True","","True","","True","0","0",""
"paraphrased_0115","gemini-3-flash","cot","llm_iac_paraphrased","True","","True","","False","4","0","Unsupported argument | Unsupported argument | Unsupported argument | Unsupported argument"
"paraphrased_0116","gemini-3-flash","cot","llm_iac_paraphrased","True","","True","","True","0","0",""
"paraphrased_0118","gemini-3-flash","cot","llm_iac_paraphrased","True","","True","","True","0","0",""
"paraphrased_0119","gemini-3-flash","cot","llm_iac_paraphrased","True","","True","","False","2","0","Invalid function argument | Invalid function argument"
"paraphrased_0120","gemini-3-flash","cot","llm_iac_paraphrased","True","","True","","True","0","0",""
"paraphrased_0124","gemini-3-flash","cot","llm_iac_paraphrased","False","Error: Invalid block definition    on main.tf line 35, in resource ""aws_security_group"" ""cockroach_sg"":   35:     from_port self      = true  The equals sign ""="" indicates an argument definition, and must not be used when defining a block.   Error: Invalid block definition    on main.tf line 42, in ","False","Error: Terraform encountered problems during initialisation, including problems with the configuration, described below.  The Terraform configuration must be valid before initialization so that Terraform can determine which modules and providers need to be installed.   Error: Invalid block definition    on main.tf line 35, in resource ""aws_security_group"" ""cockroach_sg"":   35:     from_port self  ","False","1","0","init prerequisite failed: Error: Terraform encountered problems during initialisation, including problems with the configuration, described below.  The Terraform configuration must be valid before initialization so that Terraform can determine which modules and providers need to be installed.   Error: Invalid block definition    on main.tf line 35, in resource ""aws_security_group"" ""cockroach_sg"": "
"paraphrased_0121","gemini-3-flash","cot","llm_iac_paraphrased","True","","True","","True","0","0",""
"paraphrased_0122","gemini-3-flash","cot","llm_iac_paraphrased","False","","True","","False","1","0","Reference to undeclared resource"
"paraphrased_0123","gemini-3-flash","cot","llm_iac_paraphrased","True","","True","","True","0","0",""
"paraphrased_0128","gemini-3-flash","cot","llm_iac_paraphrased","False","","False","Error: Terraform encountered problems during initialisation, including problems with the configuration, described below.  The Terraform configuration must be valid before initialization so that Terraform can determine which modules and providers need to be installed.   Error: Module not installed    on main.tf line 30:   30: module ""vpc"" {  This module is not yet installed. Run ""terraform init"" to","False","1","0","init prerequisite failed: Error: Terraform encountered problems during initialisation, including problems with the configuration, described below.  The Terraform configuration must be valid before initialization so that Terraform can determine which modules and providers need to be installed.   Error: Module not installed    on main.tf line 30:   30: module ""vpc"" {  This module is not yet installe"
"paraphrased_0125","gemini-3-flash","cot","llm_iac_paraphrased","False","","True","","True","0","0",""
"paraphrased_0126","gemini-3-flash","cot","llm_iac_paraphrased","False","","True","","True","0","0",""
"paraphrased_0127","gemini-3-flash","cot","llm_iac_paraphrased","False","","True","","True","0","0",""
"paraphrased_0129","gemini-3-flash","cot","llm_iac_paraphrased","False","","True","","True","0","0",""
"paraphrased_0130","gemini-3-flash","cot","llm_iac_paraphrased","True","","True","","True","0","0",""
"paraphrased_0131","gemini-3-flash","cot","llm_iac_paraphrased","False","","True","","True","0","0",""
"paraphrased_0134","gemini-3-flash","cot","llm_iac_paraphrased","False","","True","","True","0","0",""
"paraphrased_0132","gemini-3-flash","cot","llm_iac_paraphrased","False","","True","","True","0","0",""
"paraphrased_0133","gemini-3-flash","cot","llm_iac_paraphrased","True","","True","","True","0","0",""
"paraphrased_0138","gemini-3-flash","cot","llm_iac_paraphrased","False","","False","Error: Terraform encountered problems during initialisation, including problems with the configuration, described below.  The Terraform configuration must be valid before initialization so that Terraform can determine which modules and providers need to be installed.   Error: Module not installed    on main.tf line 105:  105: module ""consul_registration"" {  This module is not yet installed. Run ""t","False","1","0","init prerequisite failed: Error: Terraform encountered problems during initialisation, including problems with the configuration, described below.  The Terraform configuration must be valid before initialization so that Terraform can determine which modules and providers need to be installed.   Error: Module not installed    on main.tf line 105:  105: module ""consul_registration"" {  This module is"
"paraphrased_0135","gemini-3-flash","cot","llm_iac_paraphrased","False","","True","","True","0","0",""
"paraphrased_0140","gemini-3-flash","cot","llm_iac_paraphrased","False","","True","","True","0","0",""
"paraphrased_0136","gemini-3-flash","cot","llm_iac_paraphrased","False","","True","","True","0","0",""
"paraphrased_0142","gemini-3-flash","cot","llm_iac_paraphrased","False","","False","Error: Terraform encountered problems during initialisation, including problems with the configuration, described below.  The Terraform configuration must be valid before initialization so that Terraform can determine which modules and providers need to be installed.   Error: Module not installed    on main.tf line 55:   55: module ""thanos_iam_role"" {  This module is not yet installed. Run ""terraf","False","1","0","init prerequisite failed: Error: Terraform encountered problems during initialisation, including problems with the configuration, described below.  The Terraform configuration must be valid before initialization so that Terraform can determine which modules and providers need to be installed.   Error: Module not installed    on main.tf line 55:   55: module ""thanos_iam_role"" {  This module is not "
"paraphrased_0137","gemini-3-flash","cot","llm_iac_paraphrased","False","","True","","True","0","0",""
"paraphrased_0139","gemini-3-flash","cot","llm_iac_paraphrased","False","","True","","True","0","0",""
"paraphrased_0141","gemini-3-flash","cot","llm_iac_paraphrased","False","","True","","True","0","0",""
"paraphrased_0146","gemini-3-flash","cot","llm_iac_paraphrased","False","Error: Missing newline after argument    on main.tf line 42, in resource ""google_project_iam_member"" ""sa_roles"":   42:   for_each =损害 toset([  An argument definition must end with a newline.","False","Error: Terraform encountered problems during initialisation, including problems with the configuration, described below.  The Terraform configuration must be valid before initialization so that Terraform can determine which modules and providers need to be installed.   Error: Missing newline after argument    on main.tf line 42, in resource ""google_project_iam_member"" ""sa_roles"":   42:   for_each ","False","1","0","init prerequisite failed: Error: Terraform encountered problems during initialisation, including problems with the configuration, described below.  The Terraform configuration must be valid before initialization so that Terraform can determine which modules and providers need to be installed.   Error: Missing newline after argument    on main.tf line 42, in resource ""google_project_iam_member"" ""sa"
"paraphrased_0143","gemini-3-flash","cot","llm_iac_paraphrased","True","","True","","True","0","0",""
"paraphrased_0144","gemini-3-flash","cot","llm_iac_paraphrased","False","","True","","True","0","0",""
"paraphrased_0145","gemini-3-flash","cot","llm_iac_paraphrased","False","","True","","True","0","0",""
"paraphrased_0147","gemini-3-flash","cot","llm_iac_paraphrased","False","","True","","True","0","0",""
"paraphrased_0151","gemini-3-flash","cot","llm_iac_paraphrased","False","","True","","True","0","0",""
"paraphrased_0148","gemini-3-flash","cot","llm_iac_paraphrased","False","","True","","True","0","0",""
"paraphrased_0153","gemini-3-flash","cot","llm_iac_paraphrased","False","Error: Invalid block definition    on main.tf line 101, in resource ""aws_security_group"" ""k8s_master"":  101:     from_port self      = true  The equals sign ""="" indicates an argument definition, and must not be used when defining a block.   Error: Invalid block definition    on main.tf line 145, in ","False","Error: Terraform encountered problems during initialisation, including problems with the configuration, described below.  The Terraform configuration must be valid before initialization so that Terraform can determine which modules and providers need to be installed.   Error: Invalid block definition    on main.tf line 101, in resource ""aws_security_group"" ""k8s_master"":  101:     from_port self   ","False","1","0","init prerequisite failed: Error: Terraform encountered problems during initialisation, including problems with the configuration, described below.  The Terraform configuration must be valid before initialization so that Terraform can determine which modules and providers need to be installed.   Error: Invalid block definition    on main.tf line 101, in resource ""aws_security_group"" ""k8s_master"":  "
"paraphrased_0149","gemini-3-flash","cot","llm_iac_paraphrased","False","","True","","True","0","0",""
"paraphrased_0150","gemini-3-flash","cot","llm_iac_paraphrased","True","","True","","True","0","0",""
"paraphrased_0152","gemini-3-flash","cot","llm_iac_paraphrased","False","","True","","True","0","0",""
"paraphrased_0154","gemini-3-flash","cot","llm_iac_paraphrased","False","","True","","True","0","0",""
"paraphrased_0158","gemini-3-flash","cot","llm_iac_paraphrased","True","","True","","True","0","0",""
"paraphrased_0155","gemini-3-flash","cot","llm_iac_paraphrased","False","","True","","True","0","0",""
"paraphrased_0156","gemini-3-flash","cot","llm_iac_paraphrased","True","","True","","False","2","0","Invalid function argument | Invalid Configuration for Read-Only Attribute"
"paraphrased_0157","gemini-3-flash","cot","llm_iac_paraphrased","False","","True","","True","0","0",""
"paraphrased_0159","gemini-3-flash","cot","llm_iac_paraphrased","True","","True","","False","1","0","Cycle: google_pubsub_subscription_iam_member.subscriber_idx, google_pubsub_subscription.main_subscription"
"paraphrased_0160","gemini-3-flash","cot","llm_iac_paraphrased","False","","True","","False","1","0","Insufficient schema_config blocks"
"paraphrased_0164","gemini-3-flash","cot","llm_iac_paraphrased","False","","True","","True","0","0",""
"paraphrased_0165","gemini-3-flash","cot","llm_iac_paraphrased","True","","True","","False","2","0","Invalid resource type | Invalid resource type"
"paraphrased_0161","gemini-3-flash","cot","llm_iac_paraphrased","True","","True","","True","0","0",""
"paraphrased_0162","gemini-3-flash","cot","llm_iac_paraphrased","True","","True","","True","0","0",""
"paraphrased_0168","gemini-3-flash","cot","llm_iac_paraphrased","True","","True","","True","0","0",""
"paraphrased_0163","gemini-3-flash","cot","llm_iac_paraphrased","False","","True","","False","2","0","Invalid AZ | Invalid AZ"
"paraphrased_0166","gemini-3-flash","cot","llm_iac_paraphrased","True","","True","","True","0","0",""
"paraphrased_0167","gemini-3-flash","cot","llm_iac_paraphrased","True","","True","","True","0","0",""
"paraphrased_0169","gemini-3-flash","cot","llm_iac_paraphrased","True","","True","","False","2","0","Invalid function argument | Invalid function argument"
"paraphrased_0170","gemini-3-flash","cot","llm_iac_paraphrased","False","","True","","True","0","0",""
"paraphrased_0171","gemini-3-flash","cot","llm_iac_paraphrased","False","","True","","True","0","0",""
"paraphrased_0172","gemini-3-flash","cot","llm_iac_paraphrased","True","","True","","True","0","0",""
"paraphrased_0173","gemini-3-flash","cot","llm_iac_paraphrased","False","","True","","True","0","0",""
"paraphrased_0174","gemini-3-flash","cot","llm_iac_paraphrased","False","","True","","True","0","0",""
"paraphrased_0175","gemini-3-flash","cot","llm_iac_paraphrased","False","","True","","True","0","0",""
"paraphrased_0176","gemini-3-flash","cot","llm_iac_paraphrased","False","","True","","False","1","0","Invalid reference"
"paraphrased_0177","gemini-3-flash","cot","llm_iac_paraphrased","False","","True","","True","0","0",""
"paraphrased_0178","gemini-3-flash","cot","llm_iac_paraphrased","False","","True","","True","0","0",""
"paraphrased_0179","gemini-3-flash","cot","llm_iac_paraphrased","False","","True","","True","0","0",""
"paraphrased_0180","gemini-3-flash","cot","llm_iac_paraphrased","True","","True","","True","0","0",""
"paraphrased_0181","gemini-3-flash","cot","llm_iac_paraphrased","False","","True","","True","0","0",""
"paraphrased_0182","gemini-3-flash","cot","llm_iac_paraphrased","True","","True","","True","0","0",""
"paraphrased_0183","gemini-3-flash","cot","llm_iac_paraphrased","False","","True","","True","0","0",""
"paraphrased_0184","gemini-3-flash","cot","llm_iac_paraphrased","True","","True","","True","0","0",""
"paraphrased_0188","gemini-3-flash","cot","llm_iac_paraphrased","True","","True","","True","0","0",""
"paraphrased_0185","gemini-3-flash","cot","llm_iac_paraphrased","False","","True","","True","0","0",""
"paraphrased_0186","gemini-3-flash","cot","llm_iac_paraphrased","False","","True","","True","0","0",""
"paraphrased_0187","gemini-3-flash","cot","llm_iac_paraphrased","False","","True","","True","0","0",""
"paraphrased_0189","gemini-3-flash","cot","llm_iac_paraphrased","False","","True","","False","1","1","Invalid function argument"
"paraphrased_0192","gemini-3-flash","cot","llm_iac_paraphrased","False","","True","","True","0","0",""
"paraphrased_0190","gemini-3-flash","cot","llm_iac_paraphrased","False","","True","","True","0","0",""
"paraphrased_0191","gemini-3-flash","cot","llm_iac_paraphrased","False","","True","","False","1","0","Reference to undeclared resource"
"paraphrased_0193","gemini-3-flash","cot","llm_iac_paraphrased","False","","True","","False","2","0","""YOUR_ADMIN_IP/32"" is not a valid CIDR block: invalid CIDR address: YOUR_ADMIN_IP/32 | ""YOUR_ADMIN_IP/32"" is not a valid CIDR block: invalid CIDR address: YOUR_ADMIN_IP/32"
"paraphrased_0194","gemini-3-flash","cot","llm_iac_paraphrased","True","","True","","False","1","0","Invalid function argument"
"paraphrased_0197","gemini-3-flash","cot","llm_iac_paraphrased","False","","True","","True","0","0",""
"paraphrased_0195","gemini-3-flash","cot","llm_iac_paraphrased","True","","True","","True","0","0",""
"paraphrased_0196","gemini-3-flash","cot","llm_iac_paraphrased","True","","True","","False","1","0","Invalid function argument"
"paraphrased_0201","gemini-3-flash","cot","llm_iac_paraphrased","False","","True","","True","0","0",""
"paraphrased_0198","gemini-3-flash","cot","llm_iac_paraphrased","True","","True","","True","0","0",""
"paraphrased_0199","gemini-3-flash","cot","llm_iac_paraphrased","False","","True","","False","2","0","Unsupported argument | Insufficient target_group blocks"
"paraphrased_0200","gemini-3-flash","cot","llm_iac_paraphrased","False","","True","","True","0","0",""
"paraphrased_0205","gemini-3-flash","cot","llm_iac_paraphrased","False","","True","","True","0","0",""
"paraphrased_0202","gemini-3-flash","cot","llm_iac_paraphrased","True","","True","","True","0","2",""
"paraphrased_0203","gemini-3-flash","cot","llm_iac_paraphrased","True","","True","","True","0","0",""
"paraphrased_0208","gemini-3-flash","cot","llm_iac_paraphrased","False","","True","","True","0","2",""
"paraphrased_0204","gemini-3-flash","cot","llm_iac_paraphrased","False","","True","","True","0","0",""
"paraphrased_0206","gemini-3-flash","cot","llm_iac_paraphrased","False","","True","","True","0","0",""
"paraphrased_0207","gemini-3-flash","cot","llm_iac_paraphrased","False","","True","","True","0","0",""
"paraphrased_0212","gemini-3-flash","cot","llm_iac_paraphrased","False","","True","","False","1","0","Invalid resource type"
"paraphrased_0209","gemini-3-flash","cot","llm_iac_paraphrased","False","","True","","True","0","0",""
"paraphrased_0214","gemini-3-flash","cot","llm_iac_paraphrased","False","","True","","True","0","0",""
"paraphrased_0215","gemini-3-flash","cot","llm_iac_paraphrased","False","Error: Invalid multi-line string    on main.tf line 132, in resource ""aws_launch_template"" ""worker_lt"":  132:         contents = ""[Unit]  133: Description=Hello World  Quoted strings may not be split over multiple lines. To produce a multi-line string, either use the \n escape to represent a newline","False","Error: Terraform encountered problems during initialisation, including problems with the configuration, described below.  The Terraform configuration must be valid before initialization so that Terraform can determine which modules and providers need to be installed.   Error: Invalid multi-line string    on main.tf line 132, in resource ""aws_launch_template"" ""worker_lt"":  132:         contents = ""","False","1","0","init prerequisite failed: Error: Terraform encountered problems during initialisation, including problems with the configuration, described below.  The Terraform configuration must be valid before initialization so that Terraform can determine which modules and providers need to be installed.   Error: Invalid multi-line string    on main.tf line 132, in resource ""aws_launch_template"" ""worker_lt"": "
"paraphrased_0210","gemini-3-flash","cot","llm_iac_paraphrased","True","","True","","True","0","0",""
"paraphrased_0211","gemini-3-flash","cot","llm_iac_paraphrased","True","","True","","True","0","0",""
"paraphrased_0213","gemini-3-flash","cot","llm_iac_paraphrased","True","","True","","True","0","0",""
"paraphrased_0219","gemini-3-flash","cot","llm_iac_paraphrased","False","","True","","True","0","0",""
"paraphrased_0216","gemini-3-flash","cot","llm_iac_paraphrased","True","","True","","True","0","0",""
"paraphrased_0217","gemini-3-flash","cot","llm_iac_paraphrased","False","","True","","True","0","0",""
"paraphrased_0218","gemini-3-flash","cot","llm_iac_paraphrased","True","","True","","True","0","0",""
"paraphrased_0220","gemini-3-flash","cot","llm_iac_paraphrased","True","","True","","True","0","0",""
"paraphrased_0221","gemini-3-flash","cot","llm_iac_paraphrased","False","","True","","True","0","0",""
"paraphrased_0222","gemini-3-flash","cot","llm_iac_paraphrased","True","","True","","True","0","0",""
"paraphrased_0223","gemini-3-flash","cot","llm_iac_paraphrased","False","","True","","False","1","0","Invalid resource type"
"paraphrased_0226","gemini-3-flash","cot","llm_iac_paraphrased","False","","True","","True","0","0",""
"paraphrased_0224","gemini-3-flash","cot","llm_iac_paraphrased","False","","True","","False","2","0","Unsupported argument | Unsupported argument"
"paraphrased_0225","gemini-3-flash","cot","llm_iac_paraphrased","False","","True","","False","1","0","Unsupported argument"
"paraphrased_0227","gemini-3-flash","cot","llm_iac_paraphrased","False","","True","","True","0","0",""
"paraphrased_0228","gemini-3-flash","cot","llm_iac_paraphrased","True","","True","","True","0","0",""
"paraphrased_0229","gemini-3-flash","cot","llm_iac_paraphrased","False","","True","","True","0","0",""
"paraphrased_0233","gemini-3-flash","cot","llm_iac_paraphrased","False","","True","","True","0","0",""
"paraphrased_0230","gemini-3-flash","cot","llm_iac_paraphrased","False","","True","","False","1","0","Invalid function argument"
"paraphrased_0235","gemini-3-flash","cot","llm_iac_paraphrased","True","","True","","True","0","0",""
"paraphrased_0231","gemini-3-flash","cot","llm_iac_paraphrased","False","","True","","True","0","0",""
"paraphrased_0232","gemini-3-flash","cot","llm_iac_paraphrased","True","","True","","True","0","0",""
"paraphrased_0237","gemini-3-flash","cot","llm_iac_paraphrased","True","","True","","False","2","0","Invalid function argument | ""name"" (""private_subnet"") doesn't match regexp ""^(?:[a-z](?:[-a-z0-9]{0,61}[a-z0-9])?)$"""
"paraphrased_0239","gemini-3-flash","cot","llm_iac_paraphrased","False","","False","Error: Terraform encountered problems during initialisation, including problems with the configuration, described below.  The Terraform configuration must be valid before initialization so that Terraform can determine which modules and providers need to be installed.   Error: Module not installed    on main.tf line 41:   41: module ""ca_certs"" {  This module is not yet installed. Run ""terraform ini","False","1","0","init prerequisite failed: Error: Terraform encountered problems during initialisation, including problems with the configuration, described below.  The Terraform configuration must be valid before initialization so that Terraform can determine which modules and providers need to be installed.   Error: Module not installed    on main.tf line 41:   41: module ""ca_certs"" {  This module is not yet ins"
"paraphrased_0234","gemini-3-flash","cot","llm_iac_paraphrased","False","","True","","True","0","0",""
"paraphrased_0241","gemini-3-flash","cot","llm_iac_paraphrased","False","","True","","True","0","0",""
"paraphrased_0242","gemini-3-flash","cot","llm_iac_paraphrased","False","Error: Missing newline after argument    on main.tf line 47, in resource ""google_project_service"" ""enabled_services"":   47:   for_each =损害 toset(var.services_to_enable)  An argument definition must end with a newline.","False","Error: Terraform encountered problems during initialisation, including problems with the configuration, described below.  The Terraform configuration must be valid before initialization so that Terraform can determine which modules and providers need to be installed.   Error: Missing newline after argument    on main.tf line 47, in resource ""google_project_service"" ""enabled_services"":   47:   for_","False","1","0","init prerequisite failed: Error: Terraform encountered problems during initialisation, including problems with the configuration, described below.  The Terraform configuration must be valid before initialization so that Terraform can determine which modules and providers need to be installed.   Error: Missing newline after argument    on main.tf line 47, in resource ""google_project_service"" ""enabl"
"paraphrased_0236","gemini-3-flash","cot","llm_iac_paraphrased","True","","True","","True","0","0",""
"paraphrased_0238","gemini-3-flash","cot","llm_iac_paraphrased","True","","True","","True","0","0",""
"paraphrased_0240","gemini-3-flash","cot","llm_iac_paraphrased","False","","True","","True","0","0",""
"paraphrased_0243","gemini-3-flash","cot","llm_iac_paraphrased","True","","True","","True","0","0",""
"paraphrased_0247","gemini-3-flash","cot","llm_iac_paraphrased","True","","True","","True","0","0",""
"paraphrased_0244","gemini-3-flash","cot","llm_iac_paraphrased","False","","True","","True","0","0",""
"paraphrased_0249","gemini-3-flash","cot","llm_iac_paraphrased","False","","True","","True","0","0",""
"paraphrased_0245","gemini-3-flash","cot","llm_iac_paraphrased","True","","True","","True","0","1",""
"paraphrased_0251","gemini-3-flash","cot","llm_iac_paraphrased","True","","False","Error: Terraform encountered problems during initialisation, including problems with the configuration, described below.  The Terraform configuration must be valid before initialization so that Terraform can determine which modules and providers need to be installed.   Error: Module not installed    on main.tf line 18:   18: module ""processing_logic"" {  This module is not yet installed. Run ""terra","False","1","0","init prerequisite failed: Error: Terraform encountered problems during initialisation, including problems with the configuration, described below.  The Terraform configuration must be valid before initialization so that Terraform can determine which modules and providers need to be installed.   Error: Module not installed    on main.tf line 18:   18: module ""processing_logic"" {  This module is not"
"paraphrased_0246","gemini-3-flash","cot","llm_iac_paraphrased","False","","True","","True","0","0",""
"paraphrased_0253","gemini-3-flash","cot","llm_iac_paraphrased","False","","True","","True","0","0",""
"paraphrased_0254","gemini-3-flash","cot","llm_iac_paraphrased","False","","True","","True","0","0",""
"paraphrased_0248","gemini-3-flash","cot","llm_iac_paraphrased","True","","True","","True","0","0",""
"paraphrased_0256","gemini-3-flash","cot","llm_iac_paraphrased","True","","True","","False","1","0","Invalid function argument"
"paraphrased_0250","gemini-3-flash","cot","llm_iac_paraphrased","False","","True","","True","0","0",""
"paraphrased_0252","gemini-3-flash","cot","llm_iac_paraphrased","False","","True","","False","2","0","Missing required argument | Unsupported argument"
"paraphrased_0255","gemini-3-flash","cot","llm_iac_paraphrased","False","","True","","True","0","0",""
"paraphrased_0257","gemini-3-flash","cot","llm_iac_paraphrased","False","","True","","True","0","0",""
"paraphrased_0258","gemini-3-flash","cot","llm_iac_paraphrased","False","","True","","True","0","0",""
"paraphrased_0259","gemini-3-flash","cot","llm_iac_paraphrased","True","","True","","False","1","0","Invalid function argument"
"paraphrased_0260","gemini-3-flash","cot","llm_iac_paraphrased","True","","True","","True","0","0",""
"paraphrased_0261","gemini-3-flash","cot","llm_iac_paraphrased","False","","True","","True","0","0",""
"paraphrased_0262","gemini-3-flash","cot","llm_iac_paraphrased","True","","True","","True","0","0",""
"paraphrased_0266","gemini-3-flash","cot","llm_iac_paraphrased","False","","True","","True","0","0",""
"paraphrased_0263","gemini-3-flash","cot","llm_iac_paraphrased","False","","True","","True","0","0",""
"paraphrased_0267","gemini-3-flash","cot","llm_iac_paraphrased","True","","True","","True","0","0",""
"paraphrased_0268","gemini-3-flash","cot","llm_iac_paraphrased","True","","True","","False","2","0","Reference to undeclared resource | Invalid reference"
"paraphrased_0264","gemini-3-flash","cot","llm_iac_paraphrased","False","","True","","True","0","0",""
"paraphrased_0265","gemini-3-flash","cot","llm_iac_paraphrased","True","","True","","True","0","0",""
"paraphrased_0269","gemini-3-flash","cot","llm_iac_paraphrased","False","","True","","True","0","0",""
"paraphrased_0273","gemini-3-flash","cot","llm_iac_paraphrased","False","","False","Error: Terraform encountered problems during initialisation, including problems with the configuration, described below.  The Terraform configuration must be valid before initialization so that Terraform can determine which modules and providers need to be installed.   Error: Module not installed    on main.tf line 56:   56: module ""forseti"" {  This module is not yet installed. Run ""terraform init","False","1","0","init prerequisite failed: Error: Terraform encountered problems during initialisation, including problems with the configuration, described below.  The Terraform configuration must be valid before initialization so that Terraform can determine which modules and providers need to be installed.   Error: Module not installed    on main.tf line 56:   56: module ""forseti"" {  This module is not yet inst"
"paraphrased_0274","gemini-3-flash","cot","llm_iac_paraphrased","False","Error: Invalid block definition    on main.tf line 26, in resource ""aws_security_group"" ""k8s_worker_sg"":   26:     from_port self      = true  The equals sign ""="" indicates an argument definition, and must not be used when defining a block.   Error: Invalid block definition    on main.tf line 27, in","False","Error: Terraform encountered problems during initialisation, including problems with the configuration, described below.  The Terraform configuration must be valid before initialization so that Terraform can determine which modules and providers need to be installed.   Error: Invalid block definition    on main.tf line 26, in resource ""aws_security_group"" ""k8s_worker_sg"":   26:     from_port self ","False","1","0","init prerequisite failed: Error: Terraform encountered problems during initialisation, including problems with the configuration, described below.  The Terraform configuration must be valid before initialization so that Terraform can determine which modules and providers need to be installed.   Error: Invalid block definition    on main.tf line 26, in resource ""aws_security_group"" ""k8s_worker_sg"":"
"paraphrased_0270","gemini-3-flash","cot","llm_iac_paraphrased","True","","True","","True","0","0",""
"paraphrased_0271","gemini-3-flash","cot","llm_iac_paraphrased","True","","True","","True","0","0",""
"paraphrased_0277","gemini-3-flash","cot","llm_iac_paraphrased","False","","True","","True","0","2",""
"paraphrased_0272","gemini-3-flash","cot","llm_iac_paraphrased","False","","True","","True","0","0",""
"paraphrased_0275","gemini-3-flash","cot","llm_iac_paraphrased","True","","True","","True","0","0",""
"paraphrased_0276","gemini-3-flash","cot","llm_iac_paraphrased","True","","True","","False","2","0","Reference to undeclared resource | Reference to undeclared resource"
"paraphrased_0278","gemini-3-flash","cot","llm_iac_paraphrased","False","","True","","True","0","0",""
"paraphrased_0279","gemini-3-flash","cot","llm_iac_paraphrased","True","","True","","False","1","0","Unsupported attribute"
"paraphrased_0280","gemini-3-flash","cot","llm_iac_paraphrased","False","","True","","True","0","0",""
"paraphrased_0281","gemini-3-flash","cot","llm_iac_paraphrased","False","","True","","True","0","0",""
"paraphrased_0285","gemini-3-flash","cot","llm_iac_paraphrased","False","","False","Error: Terraform encountered problems during initialisation, including problems with the configuration, described below.  The Terraform configuration must be valid before initialization so that Terraform can determine which modules and providers need to be installed.   Error: Module not installed    on main.tf line 20:   20: module ""vpc"" {  This module is not yet installed. Run ""terraform init"" to","False","1","0","init prerequisite failed: Error: Terraform encountered problems during initialisation, including problems with the configuration, described below.  The Terraform configuration must be valid before initialization so that Terraform can determine which modules and providers need to be installed.   Error: Module not installed    on main.tf line 20:   20: module ""vpc"" {  This module is not yet installe"
"paraphrased_0282","gemini-3-flash","cot","llm_iac_paraphrased","False","","True","","True","0","0",""
"paraphrased_0283","gemini-3-flash","cot","llm_iac_paraphrased","False","","True","","True","0","0",""
"paraphrased_0284","gemini-3-flash","cot","llm_iac_paraphrased","True","","True","","True","0","0",""
"paraphrased_0286","gemini-3-flash","cot","llm_iac_paraphrased","False","","True","","True","0","0",""
"paraphrased_0289","gemini-3-flash","cot","llm_iac_paraphrased","True","","True","","True","0","0",""
"paraphrased_0287","gemini-3-flash","cot","llm_iac_paraphrased","False","","True","","True","0","0",""
"paraphrased_0288","gemini-3-flash","cot","llm_iac_paraphrased","False","","True","","True","0","0",""
"paraphrased_0290","gemini-3-flash","cot","llm_iac_paraphrased","False","","True","","True","0","0",""
"paraphrased_0291","gemini-3-flash","cot","llm_iac_paraphrased","False","","True","","True","0","0",""
"paraphrased_0292","gemini-3-flash","cot","llm_iac_paraphrased","True","","True","","True","0","0",""
"paraphrased_0296","gemini-3-flash","cot","llm_iac_paraphrased","True","","False","Error: Terraform encountered problems during initialisation, including problems with the configuration, described below.  The Terraform configuration must be valid before initialization so that Terraform can determine which modules and providers need to be installed.   Error: Module not installed    on main.tf line 32:   32: module ""vpc"" {  This module is not yet installed. Run ""terraform init"" to","False","1","0","init prerequisite failed: Error: Terraform encountered problems during initialisation, including problems with the configuration, described below.  The Terraform configuration must be valid before initialization so that Terraform can determine which modules and providers need to be installed.   Error: Module not installed    on main.tf line 32:   32: module ""vpc"" {  This module is not yet installe"
"paraphrased_0293","gemini-3-flash","cot","llm_iac_paraphrased","False","","True","","True","0","0",""
"paraphrased_0294","gemini-3-flash","cot","llm_iac_paraphrased","True","","True","","True","0","0",""
"paraphrased_0295","gemini-3-flash","cot","llm_iac_paraphrased","False","","True","","True","0","0",""
"paraphrased_0297","gemini-3-flash","cot","llm_iac_paraphrased","False","","True","","True","0","0",""
"paraphrased_0298","gemini-3-flash","cot","llm_iac_paraphrased","False","","True","","True","0","0",""
"paraphrased_0299","gemini-3-flash","cot","llm_iac_paraphrased","True","","True","","True","0","0",""
"paraphrased_0300","gemini-3-flash","cot","llm_iac_paraphrased","False","","True","","True","0","0",""
"paraphrased_0301","gemini-3-flash","cot","llm_iac_paraphrased","True","","True","","True","0","0",""
"paraphrased_0302","gemini-3-flash","cot","llm_iac_paraphrased","False","","True","","True","0","0",""
"paraphrased_0303","gemini-3-flash","cot","llm_iac_paraphrased","False","","True","","True","0","0",""
"paraphrased_0304","gemini-3-flash","cot","llm_iac_paraphrased","False","","True","","True","0","0",""
"paraphrased_0305","gemini-3-flash","cot","llm_iac_paraphrased","True","","True","","True","0","0",""
"paraphrased_0306","gemini-3-flash","cot","llm_iac_paraphrased","True","","True","","True","0","0",""
"paraphrased_0307","gemini-3-flash","cot","llm_iac_paraphrased","True","","True","","True","0","0",""
"paraphrased_0308","gemini-3-flash","cot","llm_iac_paraphrased","False","","True","","True","0","0",""
"paraphrased_0309","gemini-3-flash","cot","llm_iac_paraphrased","True","","True","","True","0","0",""
"paraphrased_0310","gemini-3-flash","cot","llm_iac_paraphrased","False","","True","","True","0","0",""
"paraphrased_0311","gemini-3-flash","cot","llm_iac_paraphrased","False","","True","","True","0","0",""
"paraphrased_0315","gemini-3-flash","cot","llm_iac_paraphrased","True","","True","","True","0","0",""
"paraphrased_0312","gemini-3-flash","cot","llm_iac_paraphrased","False","","True","","True","0","0",""
"paraphrased_0313","gemini-3-flash","cot","llm_iac_paraphrased","False","","True","","True","0","0",""
"paraphrased_0314","gemini-3-flash","cot","llm_iac_paraphrased","False","","True","","True","0","0",""
"paraphrased_0316","gemini-3-flash","cot","llm_iac_paraphrased","True","","True","","True","0","0",""
"paraphrased_0317","gemini-3-flash","cot","llm_iac_paraphrased","False","","True","","False","1","0","Call to unknown function"
"paraphrased_0318","gemini-3-flash","cot","llm_iac_paraphrased","True","","True","","True","0","0",""
"paraphrased_0319","gemini-3-flash","cot","llm_iac_paraphrased","False","","True","","True","0","0",""
"paraphrased_0323","gemini-3-flash","cot","llm_iac_paraphrased","False","","True","","True","0","0",""
"paraphrased_0324","gemini-3-flash","cot","llm_iac_paraphrased","False","","False","Error: Terraform encountered problems during initialisation, including problems with the configuration, described below.  The Terraform configuration must be valid before initialization so that Terraform can determine which modules and providers need to be installed.   Error: Module not installed    on main.tf line 62:   62: module ""compute_instance"" {  This module is not yet installed. Run ""terra","False","1","0","init prerequisite failed: Error: Terraform encountered problems during initialisation, including problems with the configuration, described below.  The Terraform configuration must be valid before initialization so that Terraform can determine which modules and providers need to be installed.   Error: Module not installed    on main.tf line 62:   62: module ""compute_instance"" {  This module is not"
"paraphrased_0320","gemini-3-flash","cot","llm_iac_paraphrased","False","","True","","True","0","0",""
"paraphrased_0325","gemini-3-flash","cot","llm_iac_paraphrased","False","","True","","True","0","0",""
"paraphrased_0321","gemini-3-flash","cot","llm_iac_paraphrased","True","","True","","True","0","0",""
"paraphrased_0322","gemini-3-flash","cot","llm_iac_paraphrased","True","","True","","True","0","0",""
"paraphrased_0326","gemini-3-flash","cot","llm_iac_paraphrased","True","","True","","True","0","0",""
"paraphrased_0327","gemini-3-flash","cot","llm_iac_paraphrased","True","","True","","True","0","0",""
"paraphrased_0328","gemini-3-flash","cot","llm_iac_paraphrased","True","","True","","True","0","0",""
"paraphrased_0329","gemini-3-flash","cot","llm_iac_paraphrased","False","","True","","True","0","0",""
"paraphrased_0330","gemini-3-flash","cot","llm_iac_paraphrased","True","","True","","True","0","0",""
"paraphrased_0331","gemini-3-flash","cot","llm_iac_paraphrased","False","","True","","True","0","0",""
"paraphrased_0335","gemini-3-flash","cot","llm_iac_paraphrased","False","","True","","True","0","0",""
"paraphrased_0332","gemini-3-flash","cot","llm_iac_paraphrased","True","","True","","True","0","0",""
"paraphrased_0333","gemini-3-flash","cot","llm_iac_paraphrased","False","","True","","True","0","0",""
"paraphrased_0334","gemini-3-flash","cot","llm_iac_paraphrased","False","","True","","True","0","0",""
"paraphrased_0336","gemini-3-flash","cot","llm_iac_paraphrased","True","","True","","True","0","0",""
"paraphrased_0337","gemini-3-flash","cot","llm_iac_paraphrased","False","","True","","True","0","1",""
"paraphrased_0338","gemini-3-flash","cot","llm_iac_paraphrased","False","","True","","True","0","0",""
"paraphrased_0339","gemini-3-flash","cot","llm_iac_paraphrased","False","","True","","False","1","0","Unsupported argument"
"paraphrased_0340","gemini-3-flash","cot","llm_iac_paraphrased","False","","False","Error: Failed to query available provider packages  Could not retrieve the list of available versions for provider mailgun/mailgun: provider registry registry.terraform.io does not have a provider named registry.terraform.io/mailgun/mailgun  All modules should specify their required_providers so that external consumers will get the correct providers when using a module. To see which modules are cu","False","0","0",""
"paraphrased_0344","gemini-3-flash","cot","llm_iac_paraphrased","False","","True","","True","0","0",""
"paraphrased_0341","gemini-3-flash","cot","llm_iac_paraphrased","False","","True","","True","0","0",""
"paraphrased_0346","gemini-3-flash","cot","llm_iac_paraphrased","True","","True","","True","0","0",""
"paraphrased_0347","gemini-3-flash","cot","llm_iac_paraphrased","False","Error: Invalid multi-line string    on main.tf line 122, in resource ""aws_launch_configuration"" ""ecs_launch_config"":  122:   user_data            = ""#!/bin/bash  123: echo ECS_CLUSTER=${aws_ecs_cluster.flower_cluster.name} >> /etc/ecs/ecs.config""  Quoted strings may not be split over multiple lines.","False","Error: Terraform encountered problems during initialisation, including problems with the configuration, described below.  The Terraform configuration must be valid before initialization so that Terraform can determine which modules and providers need to be installed.   Error: Invalid multi-line string    on main.tf line 122, in resource ""aws_launch_configuration"" ""ecs_launch_config"":  122:   user_","False","1","0","init prerequisite failed: Error: Terraform encountered problems during initialisation, including problems with the configuration, described below.  The Terraform configuration must be valid before initialization so that Terraform can determine which modules and providers need to be installed.   Error: Invalid multi-line string    on main.tf line 122, in resource ""aws_launch_configuration"" ""ecs_lau"
"paraphrased_0348","gemini-3-flash","cot","llm_iac_paraphrased","True","","True","","True","0","0",""
"paraphrased_0342","gemini-3-flash","cot","llm_iac_paraphrased","False","","True","","True","0","0",""
"paraphrased_0350","gemini-3-flash","cot","llm_iac_paraphrased","False","","True","","True","0","0",""
"paraphrased_0343","gemini-3-flash","cot","llm_iac_paraphrased","False","","True","","False","2","0","Reference to undeclared resource | Reference to undeclared resource"
"paraphrased_0345","gemini-3-flash","cot","llm_iac_paraphrased","True","","True","","True","0","0",""
"paraphrased_0352","gemini-3-flash","cot","llm_iac_paraphrased","True","","True","","True","0","0",""
"paraphrased_0354","gemini-3-flash","cot","llm_iac_paraphrased","False","","True","","True","0","0",""
"paraphrased_0349","gemini-3-flash","cot","llm_iac_paraphrased","True","","True","","True","0","0",""
"paraphrased_0356","gemini-3-flash","cot","llm_iac_paraphrased","False","Error: Invalid single-argument block definition    on main.tf line 124, in data ""aws_ami"" ""ubuntu"":  124:   filter { name = ""name"", values = [""ubuntu/images/hvm-ssd/ubuntu-focal-20.04-amd64-server-*""] }  Single-line block syntax can include only one argument definition. To define multiple arguments,","False","Error: Terraform encountered problems during initialisation, including problems with the configuration, described below.  The Terraform configuration must be valid before initialization so that Terraform can determine which modules and providers need to be installed.   Error: Invalid single-argument block definition    on main.tf line 124, in data ""aws_ami"" ""ubuntu"":  124:   filter { name = ""name""","False","1","0","init prerequisite failed: Error: Terraform encountered problems during initialisation, including problems with the configuration, described below.  The Terraform configuration must be valid before initialization so that Terraform can determine which modules and providers need to be installed.   Error: Invalid single-argument block definition    on main.tf line 124, in data ""aws_ami"" ""ubuntu"":  124"
"paraphrased_0351","gemini-3-flash","cot","llm_iac_paraphrased","True","","True","","False","2","0","Unsupported block type | expected dnssec_config.0.default_key_specs.0.key_type to be one of [""keySigning"" ""zoneSigning"" """"], got keySigningKey"
"paraphrased_0358","gemini-3-flash","cot","llm_iac_paraphrased","False","","True","","True","0","0",""
"paraphrased_0353","gemini-3-flash","cot","llm_iac_paraphrased","False","","True","","True","0","0",""
"paraphrased_0360","gemini-3-flash","cot","llm_iac_paraphrased","False","","True","","True","0","0",""
"paraphrased_0355","gemini-3-flash","cot","llm_iac_paraphrased","True","","True","","True","0","0",""
"paraphrased_0357","gemini-3-flash","cot","llm_iac_paraphrased","True","","True","","True","0","0",""
"paraphrased_0359","gemini-3-flash","cot","llm_iac_paraphrased","False","","True","","True","0","0",""
"paraphrased_0364","gemini-3-flash","cot","llm_iac_paraphrased","False","","True","","True","0","0",""
"paraphrased_0365","gemini-3-flash","cot","llm_iac_paraphrased","False","","True","","False","1","0","Invalid resource type"
"paraphrased_0361","gemini-3-flash","cot","llm_iac_paraphrased","False","","True","","True","0","0",""
"paraphrased_0362","gemini-3-flash","cot","llm_iac_paraphrased","True","","True","","True","0","0",""
"paraphrased_0363","gemini-3-flash","cot","llm_iac_paraphrased","False","","True","","True","0","0",""
"paraphrased_0366","gemini-3-flash","cot","llm_iac_paraphrased","True","","True","","True","0","0",""
"paraphrased_0367","gemini-3-flash","cot","llm_iac_paraphrased","True","","True","","True","0","0",""
"paraphrased_0368","gemini-3-flash","cot","llm_iac_paraphrased","False","","True","","True","0","0",""
"paraphrased_0369","gemini-3-flash","cot","llm_iac_paraphrased","False","","True","","True","0","0",""
"paraphrased_0370","gemini-3-flash","cot","llm_iac_paraphrased","False","","True","","True","0","0",""
"paraphrased_0371","gemini-3-flash","cot","llm_iac_paraphrased","False","","True","","True","0","0",""
"paraphrased_0372","gemini-3-flash","cot","llm_iac_paraphrased","False","","True","","False","1","0","Invalid function argument"
"paraphrased_0373","gemini-3-flash","cot","llm_iac_paraphrased","False","","True","","True","0","0",""
"paraphrased_0377","gemini-3-flash","cot","llm_iac_paraphrased","True","","True","","True","0","0",""
"paraphrased_0376","gemini-3-flash","cot","llm_iac_paraphrased","True","","True","","True","0","0",""
"paraphrased_0378","gemini-3-flash","cot","llm_iac_paraphrased","True","","True","","True","0","0",""
"paraphrased_0374","gemini-3-flash","cot","llm_iac_paraphrased","False","","True","","True","0","0",""
"paraphrased_0381","gemini-3-flash","cot","llm_iac_paraphrased","True","","True","","True","0","0",""
"paraphrased_0375","gemini-3-flash","cot","llm_iac_paraphrased","False","","True","","True","0","0",""
"paraphrased_0379","gemini-3-flash","cot","llm_iac_paraphrased","True","","True","","True","0","0",""
"paraphrased_0380","gemini-3-flash","cot","llm_iac_paraphrased","False","","True","","False","1","0","Invalid function argument"
"paraphrased_0385","gemini-3-flash","cot","llm_iac_paraphrased","False","","True","","True","0","0",""
"paraphrased_0384","gemini-3-flash","cot","llm_iac_paraphrased","False","","True","","True","0","0",""
"paraphrased_0386","gemini-3-flash","cot","llm_iac_paraphrased","False","","True","","True","0","0",""
"paraphrased_0387","gemini-3-flash","cot","llm_iac_paraphrased","True","","True","","True","0","0",""
"paraphrased_0389","gemini-3-flash","cot","llm_iac_paraphrased","True","","True","","True","0","0",""
"paraphrased_0390","gemini-3-flash","cot","llm_iac_paraphrased","False","Error: Invalid single-argument block definition    on main.tf line 150, in data ""aws_ami"" ""ubuntu"":  150:   filter { name = ""name"", values = [""ubuntu/images/hvm-ssd/ubuntu-focal-20.04-amd64-server-*""] }  Single-line block syntax can include only one argument definition. To define multiple arguments,","False","Error: Terraform encountered problems during initialisation, including problems with the configuration, described below.  The Terraform configuration must be valid before initialization so that Terraform can determine which modules and providers need to be installed.   Error: Invalid single-argument block definition    on main.tf line 150, in data ""aws_ami"" ""ubuntu"":  150:   filter { name = ""name""","False","1","0","init prerequisite failed: Error: Terraform encountered problems during initialisation, including problems with the configuration, described below.  The Terraform configuration must be valid before initialization so that Terraform can determine which modules and providers need to be installed.   Error: Invalid single-argument block definition    on main.tf line 150, in data ""aws_ami"" ""ubuntu"":  150"
"paraphrased_0391","gemini-3-flash","cot","llm_iac_paraphrased","False","Error: Invalid multi-line string    on main.tf line 139, in variable ""userdata_script"":  139:   default     = ""#!/bin/bash  140: /etc/eks/bootstrap.sh my-cluster""  Quoted strings may not be split over multiple lines. To produce a multi-line string, either use the \n escape to represent a newline cha","False","Error: Terraform encountered problems during initialisation, including problems with the configuration, described below.  The Terraform configuration must be valid before initialization so that Terraform can determine which modules and providers need to be installed.   Error: Invalid multi-line string    on main.tf line 139, in variable ""userdata_script"":  139:   default     = ""#!/bin/bash  140: /","False","1","0","init prerequisite failed: Error: Terraform encountered problems during initialisation, including problems with the configuration, described below.  The Terraform configuration must be valid before initialization so that Terraform can determine which modules and providers need to be installed.   Error: Invalid multi-line string    on main.tf line 139, in variable ""userdata_script"":  139:   default "
"paraphrased_0392","gemini-3-flash","cot","llm_iac_paraphrased","False","Error: Invalid single-argument block definition    on main.tf line 133, in data ""vsphere_network"" ""network"":  133: data ""vsphere_network"" ""network"" { name = ""VM Network"", datacenter_id = data.vsphere_datacenter.dc.id }  Single-line block syntax can include only one argument definition. To define mul","False","Error: Terraform encountered problems during initialisation, including problems with the configuration, described below.  The Terraform configuration must be valid before initialization so that Terraform can determine which modules and providers need to be installed.   Error: Invalid single-argument block definition    on main.tf line 133, in data ""vsphere_network"" ""network"":  133: data ""vsphere_n","False","1","0","init prerequisite failed: Error: Terraform encountered problems during initialisation, including problems with the configuration, described below.  The Terraform configuration must be valid before initialization so that Terraform can determine which modules and providers need to be installed.   Error: Invalid single-argument block definition    on main.tf line 133, in data ""vsphere_network"" ""netwo"
"paraphrased_0393","gemini-3-flash","cot","llm_iac_paraphrased","False","Error: Invalid single-argument block definition    on main.tf line 151, in data ""vsphere_network"" ""network"":  151: data ""vsphere_network"" ""network"" { name = ""VM Network"", datacenter_id = data.vsphere_datacenter.dc.id }  Single-line block syntax can include only one argument definition. To define mul","False","Error: Terraform encountered problems during initialisation, including problems with the configuration, described below.  The Terraform configuration must be valid before initialization so that Terraform can determine which modules and providers need to be installed.   Error: Invalid single-argument block definition    on main.tf line 151, in data ""vsphere_network"" ""network"":  151: data ""vsphere_n","False","1","0","init prerequisite failed: Error: Terraform encountered problems during initialisation, including problems with the configuration, described below.  The Terraform configuration must be valid before initialization so that Terraform can determine which modules and providers need to be installed.   Error: Invalid single-argument block definition    on main.tf line 151, in data ""vsphere_network"" ""netwo"
"paraphrased_0382","gemini-3-flash","cot","llm_iac_paraphrased","True","","True","","False","1","0","Invalid function argument"
"paraphrased_0383","gemini-3-flash","cot","llm_iac_paraphrased","False","","True","","True","0","0",""
"paraphrased_0388","gemini-3-flash","cot","llm_iac_paraphrased","False","","True","","True","0","0",""
"paraphrased_0394","gemini-3-flash","cot","llm_iac_paraphrased","True","","True","","True","0","0",""
"paraphrased_0398","gemini-3-flash","cot","llm_iac_paraphrased","False","","True","","True","0","0",""
"paraphrased_0395","gemini-3-flash","cot","llm_iac_paraphrased","False","","True","","False","1","0","Invalid resource type"
"paraphrased_0400","gemini-3-flash","cot","llm_iac_paraphrased","True","","True","","True","0","0",""
"paraphrased_0401","gemini-3-flash","cot","llm_iac_paraphrased","True","","True","","True","0","0",""
"paraphrased_0396","gemini-3-flash","cot","llm_iac_paraphrased","True","","True","","False","1","0","Invalid function argument"
"paraphrased_0403","gemini-3-flash","cot","llm_iac_paraphrased","False","Error: Invalid single-argument block definition    on main.tf line 168, in data ""aws_ami"" ""ubuntu"":  168:   filter { name = ""name"", values = [""ubuntu/images/hvm-ssd/ubuntu-focal-20.04-amd64-server-*""] }  Single-line block syntax can include only one argument definition. To define multiple arguments,","False","Error: Terraform encountered problems during initialisation, including problems with the configuration, described below.  The Terraform configuration must be valid before initialization so that Terraform can determine which modules and providers need to be installed.   Error: Invalid single-argument block definition    on main.tf line 168, in data ""aws_ami"" ""ubuntu"":  168:   filter { name = ""name""","False","1","0","init prerequisite failed: Error: Terraform encountered problems during initialisation, including problems with the configuration, described below.  The Terraform configuration must be valid before initialization so that Terraform can determine which modules and providers need to be installed.   Error: Invalid single-argument block definition    on main.tf line 168, in data ""aws_ami"" ""ubuntu"":  168"
"paraphrased_0404","gemini-3-flash","cot","llm_iac_paraphrased","True","","True","","True","0","0",""
"paraphrased_0402","gemini-3-flash","cot","llm_iac_paraphrased","False","","True","","True","0","0",""
"paraphrased_0405","gemini-3-flash","cot","llm_iac_paraphrased","True","","True","","True","0","0",""
"paraphrased_0406","gemini-3-flash","cot","llm_iac_paraphrased","True","","True","","True","0","0",""
"paraphrased_0397","gemini-3-flash","cot","llm_iac_paraphrased","True","","True","","False","1","0","Invalid function argument"
"paraphrased_0399","gemini-3-flash","cot","llm_iac_paraphrased","True","","True","","True","0","0",""
"paraphrased_0408","gemini-3-flash","cot","llm_iac_paraphrased","False","","True","","True","0","0",""
"paraphrased_0407","gemini-3-flash","cot","llm_iac_paraphrased","False","","True","","True","0","0",""
"paraphrased_0409","gemini-3-flash","cot","llm_iac_paraphrased","False","","True","","True","0","0",""
"paraphrased_0413","gemini-3-flash","cot","llm_iac_paraphrased","True","","True","","True","0","0",""
"paraphrased_0410","gemini-3-flash","cot","llm_iac_paraphrased","True","","True","","True","0","0",""
"paraphrased_0415","gemini-3-flash","cot","llm_iac_paraphrased","False","","True","","True","0","0",""
"paraphrased_0414","gemini-3-flash","cot","llm_iac_paraphrased","False","","True","","True","0","0",""
"paraphrased_0411","gemini-3-flash","cot","llm_iac_paraphrased","False","","True","","True","0","0",""
"paraphrased_0412","gemini-3-flash","cot","llm_iac_paraphrased","False","","True","","True","0","0",""
"paraphrased_0419","gemini-3-flash","cot","llm_iac_paraphrased","False","","True","","False","3","1","Missing required argument | Unsupported argument | Unsupported argument"
"paraphrased_0416","gemini-3-flash","cot","llm_iac_paraphrased","True","","True","","True","0","0",""
"paraphrased_0417","gemini-3-flash","cot","llm_iac_paraphrased","False","","True","","True","0","0",""
"paraphrased_0422","gemini-3-flash","cot","llm_iac_paraphrased","False","","True","","True","0","0",""
"paraphrased_0418","gemini-3-flash","cot","llm_iac_paraphrased","False","","True","","True","0","0",""
"paraphrased_0420","gemini-3-flash","cot","llm_iac_paraphrased","False","","True","","True","0","0",""
"paraphrased_0421","gemini-3-flash","cot","llm_iac_paraphrased","False","","True","","True","0","0",""
"paraphrased_0423","gemini-3-flash","cot","llm_iac_paraphrased","False","","True","","True","0","0",""
"paraphrased_0427","gemini-3-flash","cot","llm_iac_paraphrased","False","","True","","True","0","0",""
"paraphrased_0424","gemini-3-flash","cot","llm_iac_paraphrased","False","","True","","True","0","0",""
"paraphrased_0425","gemini-3-flash","cot","llm_iac_paraphrased","False","","True","","True","0","0",""
"paraphrased_0426","gemini-3-flash","cot","llm_iac_paraphrased","False","","True","","True","0","0",""
"paraphrased_0428","gemini-3-flash","cot","llm_iac_paraphrased","False","","True","","True","0","0",""
"paraphrased_0429","gemini-3-flash","cot","llm_iac_paraphrased","False","","True","","True","0","0",""
"paraphrased_0430","gemini-3-flash","cot","llm_iac_paraphrased","False","","True","","True","0","0",""
"paraphrased_0431","gemini-3-flash","cot","llm_iac_paraphrased","False","","True","","True","0","0",""
"paraphrased_0432","gemini-3-flash","cot","llm_iac_paraphrased","False","","True","","True","0","0",""
"paraphrased_0433","gemini-3-flash","cot","llm_iac_paraphrased","False","","True","","True","0","0",""
"paraphrased_0434","gemini-3-flash","cot","llm_iac_paraphrased","False","","True","","True","0","0",""
"paraphrased_0435","gemini-3-flash","cot","llm_iac_paraphrased","False","","True","","True","0","0",""
"paraphrased_0436","gemini-3-flash","cot","llm_iac_paraphrased","False","","True","","True","0","0",""
"paraphrased_0437","gemini-3-flash","cot","llm_iac_paraphrased","False","","True","","False","1","0","""target_service_account"" (""terraform-deployer@YOUR_ADMIN_PROJECT.iam.gserviceaccount.com"") doesn't match regexp ""((?:(?:[-a-z0-9]{1,63}\\.)*(?:[a-z](?:[-a-z0-9]{0,61}[a-z0-9])?):)?(?:[0-9]{1,19}|(?:[a-z0-9](?:[-a-z0-9]{0,61}[a-z0-9])?))@[a-z]+.gserviceaccount.com$|[0-9]{1,20}-compute@developer.gserviceaccount.com|[a-z](?:[-a-z0-9]{4,28}[a-z0-9])@[-a-z0-9\\.]{1,63}\\.iam\\.gserviceaccount\\.com$)"""
"paraphrased_0438","gemini-3-flash","cot","llm_iac_paraphrased","False","","True","","True","0","0",""
"paraphrased_0439","gemini-3-flash","cot","llm_iac_paraphrased","False","","True","","True","0","0",""
"paraphrased_0443","gemini-3-flash","cot","llm_iac_paraphrased","False","","True","","True","0","0",""
"paraphrased_0440","gemini-3-flash","cot","llm_iac_paraphrased","False","","True","","True","0","0",""
"paraphrased_0441","gemini-3-flash","cot","llm_iac_paraphrased","False","","True","","True","0","0",""
"paraphrased_0442","gemini-3-flash","cot","llm_iac_paraphrased","False","","True","","False","1","0","Unsupported argument"
"paraphrased_0446","gemini-3-flash","cot","llm_iac_paraphrased","True","","True","","True","0","0",""
"paraphrased_0447","gemini-3-flash","cot","llm_iac_paraphrased","False","","True","","True","0","0",""
"paraphrased_0448","gemini-3-flash","cot","llm_iac_paraphrased","False","","True","","False","1","0","Invalid function argument"
"paraphrased_0450","gemini-3-flash","cot","llm_iac_paraphrased","True","","True","","True","0","0",""
"paraphrased_0444","gemini-3-flash","cot","llm_iac_paraphrased","False","","True","","True","0","0",""
"paraphrased_0445","gemini-3-flash","cot","llm_iac_paraphrased","False","","True","","True","0","0",""
"paraphrased_0449","gemini-3-flash","cot","llm_iac_paraphrased","True","","True","","True","0","0",""
"paraphrased_0454","gemini-3-flash","cot","llm_iac_paraphrased","False","Error: Invalid multi-line string    on main.tf line 52, in resource ""google_compute_instance_template"" ""app_template"":   52:   metadata_startup_script = ""#!/bin/bash   53: apt-get update  Quoted strings may not be split over multiple lines. To produce a multi-line string, either use the \n escape to","False","Error: Terraform encountered problems during initialisation, including problems with the configuration, described below.  The Terraform configuration must be valid before initialization so that Terraform can determine which modules and providers need to be installed.   Error: Invalid multi-line string    on main.tf line 52, in resource ""google_compute_instance_template"" ""app_template"":   52:   met","False","1","0","init prerequisite failed: Error: Terraform encountered problems during initialisation, including problems with the configuration, described below.  The Terraform configuration must be valid before initialization so that Terraform can determine which modules and providers need to be installed.   Error: Invalid multi-line string    on main.tf line 52, in resource ""google_compute_instance_template"" """
"paraphrased_0451","gemini-3-flash","cot","llm_iac_paraphrased","False","","True","","True","0","0",""
"paraphrased_0452","gemini-3-flash","cot","llm_iac_paraphrased","False","","True","","True","0","0",""
"paraphrased_0453","gemini-3-flash","cot","llm_iac_paraphrased","True","","True","","True","0","0",""
"paraphrased_0455","gemini-3-flash","cot","llm_iac_paraphrased","True","","True","","False","2","0","Reference to undeclared resource | Reference to undeclared resource"
"paraphrased_0456","gemini-3-flash","cot","llm_iac_paraphrased","False","","True","","True","0","0",""
"paraphrased_0457","gemini-3-flash","cot","llm_iac_paraphrased","False","","True","","False","1","0","Invalid function argument"
